{"cameraMode":{"drawMode":0,"name":"Shaded","section":"Shading Mode"},"sceneLighting":false,"audioPlay":false,"sceneViewState":{"m_AlwaysRefresh":false,"showFog":true,"showSkybox":false,"showFlares":true,"showImageEffects":true,"showParticleSystems":true,"showVisualEffectGraphs":true,"m_FxEnabled":true},"in2DMode":false,"pivot":{"x":3.2404704093933107,"y":15.373424530029297,"z":4.976512908935547},"rotation":{"x":0.0011608584318310023,"y":0.988901674747467,"z":-0.14824704825878144,"w":0.005557583644986153},"size":34.941917419433597,"orthographic":true}