{"cameraMode":{"drawMode":0,"name":"Shaded","section":"Shading Mode"},"sceneLighting":false,"audioPlay":false,"sceneViewState":{"m_AlwaysRefresh":false,"showFog":true,"showSkybox":false,"showFlares":true,"showImageEffects":true,"showParticleSystems":true,"showVisualEffectGraphs":true,"m_FxEnabled":true},"in2DMode":false,"pivot":{"x":0.11280012130737305,"y":0.45799997448921206,"z":-0.2334003448486328},"rotation":{"x":0.3001500070095062,"y":-0.002526727272197604,"z":0.0006536524742841721,"w":0.954026460647583},"size":4.738095760345459,"orthographic":false}