{"cameraMode":{"drawMode":0,"name":"Shaded","section":"Shading Mode"},"sceneLighting":false,"audioPlay":false,"sceneViewState":{"m_AlwaysRefresh":false,"showFog":true,"showSkybox":false,"showFlares":true,"showImageEffects":true,"showParticleSystems":true,"showVisualEffectGraphs":true,"m_FxEnabled":true},"in2DMode":false,"pivot":{"x":-0.08743548393249512,"y":1.115365743637085,"z":0.32383549213409426},"rotation":{"x":-0.0006621535285376012,"y":0.991972029209137,"z":-0.12596385180950166,"w":-0.0078101675026118759},"size":2.3272006511688234,"orthographic":true}