{"cameraMode":{"drawMode":0,"name":"Shaded","section":"Shading Mode"},"sceneLighting":false,"audioPlay":false,"sceneViewState":{"m_AlwaysRefresh":false,"showFog":true,"showSkybox":false,"showFlares":true,"showImageEffects":true,"showParticleSystems":true,"showVisualEffectGraphs":true,"m_FxEnabled":true},"in2DMode":false,"pivot":{"x":-13.186562538146973,"y":0.002674579620361328,"z":-6.260578155517578},"rotation":{"x":-0.01767898164689541,"y":0.9675129652023315,"z":-0.24171093106269837,"w":-0.07128698378801346},"size":1.465952754020691,"orthographic":true}