{"cameraMode":{"drawMode":0,"name":"Shaded","section":"Shading Mode"},"sceneLighting":false,"audioPlay":false,"sceneViewState":{"m_AlwaysRefresh":false,"showFog":true,"showSkybox":false,"showFlares":true,"showImageEffects":true,"showParticleSystems":true,"showVisualEffectGraphs":true,"m_FxEnabled":true},"in2DMode":false,"pivot":{"x":0.0037000179290771486,"y":0.10258261859416962,"z":0.0005861818790435791},"rotation":{"x":0.13926422595977784,"y":0.03594834357500076,"z":-0.0050733438692986969,"w":0.9896025657653809},"size":0.606450617313385,"orthographic":false}