{"cameraMode":{"drawMode":0,"name":"Shaded","section":"Shading Mode"},"sceneLighting":false,"audioPlay":false,"sceneViewState":{"m_AlwaysRefresh":false,"showFog":true,"showSkybox":false,"showFlares":true,"showImageEffects":true,"showParticleSystems":true,"showVisualEffectGraphs":true,"m_FxEnabled":true},"in2DMode":false,"pivot":{"x":11.852197647094727,"y":0.49154675006866457,"z":2.908785820007324},"rotation":{"x":0.18540126085281373,"y":-0.6651596426963806,"z":0.1757325381040573,"w":0.7016705274581909},"size":1.5909818410873414,"orthographic":false}