{"cameraMode":{"drawMode":0,"name":"Shaded","section":"Shading Mode"},"sceneLighting":false,"audioPlay":false,"sceneViewState":{"m_AlwaysRefresh":false,"showFog":true,"showSkybox":false,"showFlares":true,"showImageEffects":true,"showParticleSystems":true,"showVisualEffectGraphs":true,"m_FxEnabled":true},"in2DMode":false,"pivot":{"x":-13.186562538146973,"y":0.002674579620361328,"z":-6.260578155517578},"rotation":{"x":0.15269175171852113,"y":0.012518721632659436,"z":-0.0016606090357527137,"w":0.9881530404090881},"size":1.1785409450531006,"orthographic":true}