{"cameraMode":{"drawMode":0,"name":"Shaded","section":"Shading Mode"},"sceneLighting":false,"audioPlay":false,"sceneViewState":{"m_AlwaysRefresh":false,"showFog":true,"showSkybox":false,"showFlares":true,"showImageEffects":true,"showParticleSystems":true,"showVisualEffectGraphs":true,"m_FxEnabled":true},"in2DMode":false,"pivot":{"x":-1.7888872623443604,"y":2.5399999618530275,"z":10.760000228881836},"rotation":{"x":0.29742559790611269,"y":0.20341458916664124,"z":-0.06471924483776093,"w":0.93053138256073},"size":6.4492926597595219,"orthographic":true}