{"cameraMode":{"drawMode":0,"name":"Shaded","section":"Shading Mode"},"sceneLighting":false,"audioPlay":false,"sceneViewState":{"m_AlwaysRefresh":false,"showFog":true,"showSkybox":false,"showFlares":true,"showImageEffects":true,"showParticleSystems":true,"showVisualEffectGraphs":true,"m_FxEnabled":true},"in2DMode":false,"pivot":{"x":20.10099983215332,"y":1.9900000095367432,"z":-23.469999313354493},"rotation":{"x":-0.01767898164689541,"y":0.9675129652023315,"z":-0.24171093106269837,"w":-0.07128698378801346},"size":0.3535533845424652,"orthographic":true}