{"cameraMode":{"drawMode":0,"name":"Shaded","section":"Shading Mode"},"sceneLighting":false,"audioPlay":false,"sceneViewState":{"m_AlwaysRefresh":false,"showFog":true,"showSkybox":false,"showFlares":true,"showImageEffects":true,"showParticleSystems":true,"showVisualEffectGraphs":true,"m_FxEnabled":true},"in2DMode":false,"pivot":{"x":0.000014185905456542969,"y":0.030174806714057924,"z":-0.00003622472286224365},"rotation":{"x":0.13926422595977784,"y":0.03594834357500076,"z":-0.0050733438692986969,"w":0.9896025657653809},"size":0.3704744875431061,"orthographic":false}