{"cameraMode":{"drawMode":0,"name":"Shaded","section":"Shading Mode"},"sceneLighting":false,"audioPlay":false,"sceneViewState":{"m_AlwaysRefresh":false,"showFog":true,"showSkybox":false,"showFlares":true,"showImageEffects":true,"showParticleSystems":true,"showVisualEffectGraphs":true,"m_FxEnabled":true},"in2DMode":false,"pivot":{"x":0.2373746633529663,"y":0.5319113731384277,"z":-0.0831725001335144},"rotation":{"x":-0.01767898164689541,"y":0.9675129652023315,"z":-0.24171093106269837,"w":-0.07128698378801346},"size":0.8660253882408142,"orthographic":true}