{"cameraMode":{"drawMode":0,"name":"Shaded","section":"Shading Mode"},"sceneLighting":false,"audioPlay":false,"sceneViewState":{"m_AlwaysRefresh":false,"showFog":true,"showSkybox":false,"showFlares":true,"showImageEffects":true,"showParticleSystems":true,"showVisualEffectGraphs":true,"m_FxEnabled":true},"in2DMode":false,"pivot":{"x":-1.7888872623443604,"y":0.09117889404296875,"z":-15.822942733764649},"rotation":{"x":-0.01767898164689541,"y":0.9675129652023315,"z":-0.24171093106269837,"w":-0.07128698378801346},"size":6.4492926597595219,"orthographic":true}