{"cameraMode":{"drawMode":0,"name":"Shaded","section":"Shading Mode"},"sceneLighting":false,"audioPlay":false,"sceneViewState":{"m_AlwaysRefresh":false,"showFog":true,"showSkybox":false,"showFlares":true,"showImageEffects":true,"showParticleSystems":true,"showVisualEffectGraphs":true,"m_FxEnabled":true},"in2DMode":false,"pivot":{"x":0.007883161306381226,"y":-0.019423305988311769,"z":-0.016398489475250245},"rotation":{"x":0.13926422595977784,"y":0.03594834357500076,"z":-0.0050733438692986969,"w":0.9896025657653809},"size":0.6453181505203247,"orthographic":false}