{"cameraMode":{"drawMode":0,"name":"Shaded","section":"Shading Mode"},"sceneLighting":false,"audioPlay":false,"sceneViewState":{"m_AlwaysRefresh":false,"showFog":true,"showSkybox":false,"showFlares":true,"showImageEffects":true,"showParticleSystems":true,"showVisualEffectGraphs":true,"m_FxEnabled":true},"in2DMode":false,"pivot":{"x":-0.3518514633178711,"y":0.9356449842453003,"z":-0.07722139358520508},"rotation":{"x":-0.04877965524792671,"y":0.949874758720398,"z":-0.19087806344032288,"w":-0.24274413287639619},"size":1.4054741859436036,"orthographic":false}