{"cameraMode":{"drawMode":0,"name":"Shaded","section":"Shading Mode"},"sceneLighting":false,"audioPlay":false,"sceneViewState":{"m_AlwaysRefresh":false,"showFog":true,"showSkybox":false,"showFlares":true,"showImageEffects":true,"showParticleSystems":true,"showVisualEffectGraphs":true,"m_FxEnabled":true},"in2DMode":false,"pivot":{"x":-0.0004957914352416992,"y":0.9192702770233154,"z":-0.11861658096313477},"rotation":{"x":0.0069372523576021198,"y":-0.9903671145439148,"z":0.05383971706032753,"w":0.12757208943367005},"size":2.131438732147217,"orthographic":false}