{"cameraMode":{"drawMode":0,"name":"Shaded","section":"Shading Mode"},"sceneLighting":false,"audioPlay":false,"sceneViewState":{"m_AlwaysRefresh":false,"showFog":true,"showSkybox":false,"showFlares":true,"showImageEffects":true,"showParticleSystems":true,"showVisualEffectGraphs":true,"m_FxEnabled":true},"in2DMode":false,"pivot":{"x":0.2373746633529663,"y":0.5319113731384277,"z":-0.0831725001335144},"rotation":{"x":0.1304328441619873,"y":-0.008928523398935795,"z":0.0011626596096903086,"w":0.9914222359657288},"size":0.8660253882408142,"orthographic":false}